{"polyfill":["/polyfill-174098e4bb7035dec2b4.js"],"app":["/app-34ac9bc57e03ea520477.js"],"component---src-pages-404-js":["/component---src-pages-404-js-7b49e5fef3a61977fc22.js"],"component---src-pages-contact-js":["/component---src-pages-contact-js-e1af01f4fd37712d49e2.js"],"component---src-pages-contact-us-js":["/component---src-pages-contact-us-js-8ee54d506221abc0cb87.js"],"component---src-pages-cus-support-js":["/component---src-pages-cus-support-js-007aa658b83f50f35343.js"],"component---src-pages-help-js":["/component---src-pages-help-js-73a0901416fe4db89362.js"],"component---src-pages-index-js":["/component---src-pages-index-js-8d035c5c36296283bc12.js"],"component---src-pages-press-js":["/component---src-pages-press-js-d7df9d5a40329e86e4da.js"],"component---src-pages-privacy-policy-js":["/component---src-pages-privacy-policy-js-c230e8c7bbb0e6a59f89.js"],"component---src-pages-return-policy-js":["/component---src-pages-return-policy-js-5f94c83ed1e81715e006.js"],"component---src-pages-security-js":["/component---src-pages-security-js-0460beb7a12a7af3b7a0.js"],"component---src-pages-store-hours-js":["/component---src-pages-store-hours-js-7f3f9f6b73c14c854f1b.js"],"component---src-pages-terms-js":["/component---src-pages-terms-js-a45e1e977a564a721449.js"]}