{"errors":[],"warnings":[],"namedChunkGroups":{"polyfill":{"chunks":[6,21],"assets":["webpack-runtime-9a92e24b9f3e86cbb894.js","webpack-runtime-9a92e24b9f3e86cbb894.js.map","polyfill-174098e4bb7035dec2b4.js","polyfill-174098e4bb7035dec2b4.js.map"],"children":{},"childAssets":{}},"app":{"chunks":[6,20,7],"assets":["webpack-runtime-9a92e24b9f3e86cbb894.js","webpack-runtime-9a92e24b9f3e86cbb894.js.map","framework-ee8a4bba4771daaa13e7.js","framework-ee8a4bba4771daaa13e7.js.map","app-34ac9bc57e03ea520477.js","app-34ac9bc57e03ea520477.js.map"],"children":{},"childAssets":{}},"component---src-pages-404-js":{"chunks":[0,1,2,8],"assets":["1bfc9850-ce694f6cbdc511755f88.js","1bfc9850-ce694f6cbdc511755f88.js.map","95b64a6e-7b04f2b609352c0fa220.js","95b64a6e-7b04f2b609352c0fa220.js.map","commons-6bd56b139dd5a38ee386.js","commons-6bd56b139dd5a38ee386.js.map","component---src-pages-404-js-7b49e5fef3a61977fc22.js","component---src-pages-404-js-7b49e5fef3a61977fc22.js.map"],"children":{},"childAssets":{}},"component---src-pages-contact-js":{"chunks":[0,1,2,9],"assets":["1bfc9850-ce694f6cbdc511755f88.js","1bfc9850-ce694f6cbdc511755f88.js.map","95b64a6e-7b04f2b609352c0fa220.js","95b64a6e-7b04f2b609352c0fa220.js.map","commons-6bd56b139dd5a38ee386.js","commons-6bd56b139dd5a38ee386.js.map","component---src-pages-contact-js-e1af01f4fd37712d49e2.js","component---src-pages-contact-js-e1af01f4fd37712d49e2.js.map"],"children":{},"childAssets":{}},"component---src-pages-contact-us-js":{"chunks":[5,0,1,3,2,4,10],"assets":["styles.657a899d0060f03286b5.css","styles-29163f9dced6fe4a408a.js","styles-29163f9dced6fe4a408a.js.map","1bfc9850-ce694f6cbdc511755f88.js","1bfc9850-ce694f6cbdc511755f88.js.map","95b64a6e-7b04f2b609352c0fa220.js","95b64a6e-7b04f2b609352c0fa220.js.map","05d954cf-e02a458aee1cc23c2fbd.js","05d954cf-e02a458aee1cc23c2fbd.js.map","commons-6bd56b139dd5a38ee386.js","commons-6bd56b139dd5a38ee386.js.map","1d7a7862bb3370b2dd7e46b1232ffdafac60b2a6-81621bf2e9247e457d4b.js","1d7a7862bb3370b2dd7e46b1232ffdafac60b2a6-81621bf2e9247e457d4b.js.map","component---src-pages-contact-us-js-8ee54d506221abc0cb87.js","component---src-pages-contact-us-js-8ee54d506221abc0cb87.js.map"],"children":{},"childAssets":{}},"component---src-pages-cus-support-js":{"chunks":[0,1,2,11],"assets":["1bfc9850-ce694f6cbdc511755f88.js","1bfc9850-ce694f6cbdc511755f88.js.map","95b64a6e-7b04f2b609352c0fa220.js","95b64a6e-7b04f2b609352c0fa220.js.map","commons-6bd56b139dd5a38ee386.js","commons-6bd56b139dd5a38ee386.js.map","component---src-pages-cus-support-js-007aa658b83f50f35343.js","component---src-pages-cus-support-js-007aa658b83f50f35343.js.map"],"children":{},"childAssets":{}},"component---src-pages-help-js":{"chunks":[0,1,2,12],"assets":["1bfc9850-ce694f6cbdc511755f88.js","1bfc9850-ce694f6cbdc511755f88.js.map","95b64a6e-7b04f2b609352c0fa220.js","95b64a6e-7b04f2b609352c0fa220.js.map","commons-6bd56b139dd5a38ee386.js","commons-6bd56b139dd5a38ee386.js.map","component---src-pages-help-js-73a0901416fe4db89362.js","component---src-pages-help-js-73a0901416fe4db89362.js.map"],"children":{},"childAssets":{}},"component---src-pages-index-js":{"chunks":[5,0,1,3,2,4,13],"assets":["styles.657a899d0060f03286b5.css","styles-29163f9dced6fe4a408a.js","styles-29163f9dced6fe4a408a.js.map","1bfc9850-ce694f6cbdc511755f88.js","1bfc9850-ce694f6cbdc511755f88.js.map","95b64a6e-7b04f2b609352c0fa220.js","95b64a6e-7b04f2b609352c0fa220.js.map","05d954cf-e02a458aee1cc23c2fbd.js","05d954cf-e02a458aee1cc23c2fbd.js.map","commons-6bd56b139dd5a38ee386.js","commons-6bd56b139dd5a38ee386.js.map","1d7a7862bb3370b2dd7e46b1232ffdafac60b2a6-81621bf2e9247e457d4b.js","1d7a7862bb3370b2dd7e46b1232ffdafac60b2a6-81621bf2e9247e457d4b.js.map","component---src-pages-index-js-8d035c5c36296283bc12.js","component---src-pages-index-js-8d035c5c36296283bc12.js.map"],"children":{},"childAssets":{}},"component---src-pages-press-js":{"chunks":[0,1,2,14],"assets":["1bfc9850-ce694f6cbdc511755f88.js","1bfc9850-ce694f6cbdc511755f88.js.map","95b64a6e-7b04f2b609352c0fa220.js","95b64a6e-7b04f2b609352c0fa220.js.map","commons-6bd56b139dd5a38ee386.js","commons-6bd56b139dd5a38ee386.js.map","component---src-pages-press-js-d7df9d5a40329e86e4da.js","component---src-pages-press-js-d7df9d5a40329e86e4da.js.map"],"children":{},"childAssets":{}},"component---src-pages-privacy-policy-js":{"chunks":[0,1,2,15],"assets":["1bfc9850-ce694f6cbdc511755f88.js","1bfc9850-ce694f6cbdc511755f88.js.map","95b64a6e-7b04f2b609352c0fa220.js","95b64a6e-7b04f2b609352c0fa220.js.map","commons-6bd56b139dd5a38ee386.js","commons-6bd56b139dd5a38ee386.js.map","component---src-pages-privacy-policy-js-c230e8c7bbb0e6a59f89.js","component---src-pages-privacy-policy-js-c230e8c7bbb0e6a59f89.js.map"],"children":{},"childAssets":{}},"component---src-pages-return-policy-js":{"chunks":[0,1,2,16],"assets":["1bfc9850-ce694f6cbdc511755f88.js","1bfc9850-ce694f6cbdc511755f88.js.map","95b64a6e-7b04f2b609352c0fa220.js","95b64a6e-7b04f2b609352c0fa220.js.map","commons-6bd56b139dd5a38ee386.js","commons-6bd56b139dd5a38ee386.js.map","component---src-pages-return-policy-js-5f94c83ed1e81715e006.js","component---src-pages-return-policy-js-5f94c83ed1e81715e006.js.map"],"children":{},"childAssets":{}},"component---src-pages-security-js":{"chunks":[0,1,2,17],"assets":["1bfc9850-ce694f6cbdc511755f88.js","1bfc9850-ce694f6cbdc511755f88.js.map","95b64a6e-7b04f2b609352c0fa220.js","95b64a6e-7b04f2b609352c0fa220.js.map","commons-6bd56b139dd5a38ee386.js","commons-6bd56b139dd5a38ee386.js.map","component---src-pages-security-js-0460beb7a12a7af3b7a0.js","component---src-pages-security-js-0460beb7a12a7af3b7a0.js.map"],"children":{},"childAssets":{}},"component---src-pages-store-hours-js":{"chunks":[0,1,2,18],"assets":["1bfc9850-ce694f6cbdc511755f88.js","1bfc9850-ce694f6cbdc511755f88.js.map","95b64a6e-7b04f2b609352c0fa220.js","95b64a6e-7b04f2b609352c0fa220.js.map","commons-6bd56b139dd5a38ee386.js","commons-6bd56b139dd5a38ee386.js.map","component---src-pages-store-hours-js-7f3f9f6b73c14c854f1b.js","component---src-pages-store-hours-js-7f3f9f6b73c14c854f1b.js.map"],"children":{},"childAssets":{}},"component---src-pages-terms-js":{"chunks":[0,1,2,19],"assets":["1bfc9850-ce694f6cbdc511755f88.js","1bfc9850-ce694f6cbdc511755f88.js.map","95b64a6e-7b04f2b609352c0fa220.js","95b64a6e-7b04f2b609352c0fa220.js.map","commons-6bd56b139dd5a38ee386.js","commons-6bd56b139dd5a38ee386.js.map","component---src-pages-terms-js-a45e1e977a564a721449.js","component---src-pages-terms-js-a45e1e977a564a721449.js.map"],"children":{},"childAssets":{}}},"assetsByChunkName":{"polyfill":["webpack-runtime-9a92e24b9f3e86cbb894.js","polyfill-174098e4bb7035dec2b4.js"],"app":["webpack-runtime-9a92e24b9f3e86cbb894.js","framework-ee8a4bba4771daaa13e7.js","app-34ac9bc57e03ea520477.js"],"component---src-pages-404-js":["1bfc9850-ce694f6cbdc511755f88.js","95b64a6e-7b04f2b609352c0fa220.js","commons-6bd56b139dd5a38ee386.js","component---src-pages-404-js-7b49e5fef3a61977fc22.js"],"component---src-pages-contact-js":["1bfc9850-ce694f6cbdc511755f88.js","95b64a6e-7b04f2b609352c0fa220.js","commons-6bd56b139dd5a38ee386.js","component---src-pages-contact-js-e1af01f4fd37712d49e2.js"],"component---src-pages-contact-us-js":["styles.657a899d0060f03286b5.css","styles-29163f9dced6fe4a408a.js","1bfc9850-ce694f6cbdc511755f88.js","95b64a6e-7b04f2b609352c0fa220.js","05d954cf-e02a458aee1cc23c2fbd.js","commons-6bd56b139dd5a38ee386.js","1d7a7862bb3370b2dd7e46b1232ffdafac60b2a6-81621bf2e9247e457d4b.js","component---src-pages-contact-us-js-8ee54d506221abc0cb87.js"],"component---src-pages-cus-support-js":["1bfc9850-ce694f6cbdc511755f88.js","95b64a6e-7b04f2b609352c0fa220.js","commons-6bd56b139dd5a38ee386.js","component---src-pages-cus-support-js-007aa658b83f50f35343.js"],"component---src-pages-help-js":["1bfc9850-ce694f6cbdc511755f88.js","95b64a6e-7b04f2b609352c0fa220.js","commons-6bd56b139dd5a38ee386.js","component---src-pages-help-js-73a0901416fe4db89362.js"],"component---src-pages-index-js":["styles.657a899d0060f03286b5.css","styles-29163f9dced6fe4a408a.js","1bfc9850-ce694f6cbdc511755f88.js","95b64a6e-7b04f2b609352c0fa220.js","05d954cf-e02a458aee1cc23c2fbd.js","commons-6bd56b139dd5a38ee386.js","1d7a7862bb3370b2dd7e46b1232ffdafac60b2a6-81621bf2e9247e457d4b.js","component---src-pages-index-js-8d035c5c36296283bc12.js"],"component---src-pages-press-js":["1bfc9850-ce694f6cbdc511755f88.js","95b64a6e-7b04f2b609352c0fa220.js","commons-6bd56b139dd5a38ee386.js","component---src-pages-press-js-d7df9d5a40329e86e4da.js"],"component---src-pages-privacy-policy-js":["1bfc9850-ce694f6cbdc511755f88.js","95b64a6e-7b04f2b609352c0fa220.js","commons-6bd56b139dd5a38ee386.js","component---src-pages-privacy-policy-js-c230e8c7bbb0e6a59f89.js"],"component---src-pages-return-policy-js":["1bfc9850-ce694f6cbdc511755f88.js","95b64a6e-7b04f2b609352c0fa220.js","commons-6bd56b139dd5a38ee386.js","component---src-pages-return-policy-js-5f94c83ed1e81715e006.js"],"component---src-pages-security-js":["1bfc9850-ce694f6cbdc511755f88.js","95b64a6e-7b04f2b609352c0fa220.js","commons-6bd56b139dd5a38ee386.js","component---src-pages-security-js-0460beb7a12a7af3b7a0.js"],"component---src-pages-store-hours-js":["1bfc9850-ce694f6cbdc511755f88.js","95b64a6e-7b04f2b609352c0fa220.js","commons-6bd56b139dd5a38ee386.js","component---src-pages-store-hours-js-7f3f9f6b73c14c854f1b.js"],"component---src-pages-terms-js":["1bfc9850-ce694f6cbdc511755f88.js","95b64a6e-7b04f2b609352c0fa220.js","commons-6bd56b139dd5a38ee386.js","component---src-pages-terms-js-a45e1e977a564a721449.js"]}}